{"_timestamp":1.7728793959266324e+09,"_step":4,"epoch":5,"val_loss":0.2724992371684844,"val_accuracy":0.924,"_wandb":{"runtime":11},"_runtime":11}