{"_step":4,"epoch":5,"val_loss":0.12569123993408665,"val_accuracy":0.9618333333333333,"_timestamp":1.7728815414750926e+09,"_wandb":{"runtime":22},"_runtime":22}