{"_step":4,"epoch":5,"val_loss":0.2996996746528304,"val_accuracy":0.9133333333333333,"_timestamp":1.7728799238907216e+09,"_wandb":{"runtime":15},"_runtime":15}