{"_timestamp":1.7728819960833595e+09,"_step":4,"epoch":5,"_wandb":{"runtime":42},"_runtime":42,"val_loss":0.23234335951225704,"val_accuracy":0.9446666666666667}