{"_step":4,"epoch":5,"_wandb":{"runtime":9},"_runtime":9,"val_loss":0.13471896322187807,"val_accuracy":0.9605,"_timestamp":1.7728801414042184e+09}