{"val_accuracy":0.9071666666666667,"_wandb":{"runtime":16},"_runtime":16,"_timestamp":1.7728805188636775e+09,"_step":4,"epoch":5,"val_loss":0.33967817490643515}