{"_runtime":14,"_step":4,"epoch":5,"val_loss":0.18695671615034112,"val_accuracy":0.9493333333333334,"_timestamp":1.77288187437752e+09,"_wandb":{"runtime":14}}