{"_timestamp":1.7728814819793723e+09,"_step":4,"epoch":5,"_runtime":23,"_wandb":{"runtime":23},"val_loss":0.10910309188919125,"val_accuracy":0.971}