{"_step":4,"epoch":5,"val_loss":0.2721463964154099,"val_accuracy":0.9226666666666666,"_timestamp":1.7728800046750474e+09,"_wandb":{"runtime":13},"_runtime":13}