{"_timestamp":1.772896171009324e+09,"layer_3_zero_fraction":0.4568328857421875,"layer_2_mean_activation":0.5318940290061476,"val_loss":0.004104128345435007,"val_accuracy":0.9761666666666666,"first_layer_grad_norm":1.153378960715122,"layer_1_mean_activation":0.4354622161985419,"_runtime":63,"layer_3_mean_activation":1.2573472083897395,"layer_2_zero_fraction":0.5667266845703125,"layer_3_std_activation":1.804360897205422,"layer_2_std_activation":0.9270563305080294,"_step":9,"layer_1_zero_fraction":0.6049346923828125,"_wandb":{"runtime":63},"epoch":10,"layer_1_std_activation":0.8150001938917492}