{"_runtime":14,"_step":4,"epoch":5,"val_loss":1.4306657330688346,"val_accuracy":0.6638333333333334,"_timestamp":1.772879198303957e+09,"_wandb":{"runtime":14}}