{"val_accuracy":0.11233333333333333,"_timestamp":1.772878536005865e+09,"_wandb":{"runtime":15},"_runtime":15,"_step":4,"epoch":5,"val_loss":2.291462687975698}