{"_timestamp":1.7728804652642586e+09,"_step":4,"epoch":5,"val_loss":0.32751122572809277,"_wandb":{"runtime":21},"_runtime":21,"val_accuracy":0.9053333333333333}