{"val_loss":0.1260876825259143,"val_accuracy":0.9628333333333333,"_timestamp":1.7728813215867903e+09,"_step":4,"_wandb":{"runtime":9},"_runtime":9,"epoch":5}