{"_step":4,"epoch":5,"val_loss":2.2814979310820482,"val_accuracy":0.14616666666666667,"_timestamp":1.7728788838097332e+09,"_wandb":{"runtime":24},"_runtime":24}