{"_runtime":19,"epoch":5,"val_loss":0.9676311535020429,"val_accuracy":0.7718333333333334,"_timestamp":1.7728791006082623e+09,"_step":4,"_wandb":{"runtime":19}}