{"_step":4,"epoch":5,"val_loss":0.2588863507286027,"val_accuracy":0.9285,"_timestamp":1.7728794290525703e+09,"_wandb":{"runtime":20},"_runtime":20}