{"_wandb":{"runtime":61},"_runtime":61,"val_accuracy":0.9135,"_timestamp":1.7728807712501748e+09,"_step":4,"epoch":5,"val_loss":0.2985872620451368}