{"val_loss":0.12032087220648499,"val_accuracy":0.9636666666666667,"_timestamp":1.772881080406339e+09,"_step":4,"epoch":5,"_wandb":{"runtime":22},"_runtime":22}