{"epoch":5,"val_loss":1.5914815162412408,"val_accuracy":0.6346666666666667,"_timestamp":1.772880577947586e+09,"_wandb":{"runtime":10},"_runtime":10,"_step":4}