{"val_loss":0.11178187568169788,"val_accuracy":0.9668333333333333,"_timestamp":1.7728811427920954e+09,"_step":4,"_wandb":{"runtime":13},"_runtime":13,"epoch":5}