{"val_loss":0.3656635635549794,"val_accuracy":0.9006666666666666,"_wandb":{"runtime":18},"_runtime":18,"_timestamp":1.7728796424926155e+09,"_step":4,"epoch":5}