{"_step":4,"epoch":5,"val_loss":0.8113022305786871,"_wandb":{"runtime":18},"_runtime":18,"val_accuracy":0.8283333333333334,"_timestamp":1.7728789537321892e+09}