{"_step":4,"_wandb":{"runtime":11},"_runtime":11,"epoch":5,"val_loss":0.29056495515097497,"val_accuracy":0.9185,"_timestamp":1.7728809531377347e+09}