{"val_accuracy":0.3963333333333333,"_timestamp":1.7728795395237029e+09,"_step":4,"epoch":5,"val_loss":2.136925140487256,"_runtime":51,"_wandb":{"runtime":51}}