{"epoch":5,"_wandb":{"runtime":21},"_runtime":21,"val_loss":2.2953021585285898,"val_accuracy":0.11233333333333333,"_timestamp":1.7728803759409964e+09,"_step":4}