{"epoch":5,"val_loss":0.13688328775723535,"val_accuracy":0.9613333333333334,"_timestamp":1.7728814174483988e+09,"_step":4,"_runtime":10,"_wandb":{"runtime":10}}