{"_step":9,"epoch":10,"val_loss":0.185743995347832,"_wandb":{"runtime":122},"_runtime":122,"val_accuracy":0.948,"_timestamp":1.7728919125221493e+09}