{"_step":4,"epoch":5,"_wandb":{"runtime":19},"_runtime":19,"val_loss":0.1426192010632577,"val_accuracy":0.9663333333333334,"_timestamp":1.7728818464645827e+09}