{"_wandb":{"runtime":8},"_runtime":8,"_step":4,"epoch":5,"val_loss":0.35358921731102383,"val_accuracy":0.9038333333333334,"_timestamp":1.7728797273787777e+09}