{"_wandb":{"runtime":19},"_runtime":19,"_step":4,"epoch":5,"val_loss":0.2512267552196051,"val_accuracy":0.9271666666666667,"_timestamp":1.7728800367025414e+09}