{"_timestamp":1.7728786567404168e+09,"_step":4,"epoch":5,"val_loss":1.0482468357144912,"_wandb":{"runtime":17},"_runtime":17,"val_accuracy":0.7953333333333333}