{"_step":4,"epoch":5,"val_loss":0.2976594116353571,"_wandb":{"runtime":40},"_runtime":40,"val_accuracy":0.9161666666666667,"_timestamp":1.7728806968484602e+09}