{"_timestamp":1.7728802003411398e+09,"_step":4,"epoch":5,"_wandb":{"runtime":18},"_runtime":18,"val_loss":0.11521242421337081,"val_accuracy":0.9656666666666667}