{"_step":9,"epoch":10,"val_loss":0.12379964058253207,"_wandb":{"runtime":86},"_runtime":86,"val_accuracy":0.9766666666666667,"first_layer_grad_norm":0.4162818887407578,"_timestamp":1.7728941307437916e+09}