{"val_accuracy":0.968,"_timestamp":1.77288111667077e+09,"_step":4,"_wandb":{"runtime":23},"_runtime":23,"epoch":5,"val_loss":0.1084131499488448}