{"_step":4,"_runtime":56,"_wandb":{"runtime":56},"epoch":5,"val_loss":0.267838766870705,"val_accuracy":0.9535,"_timestamp":1.772882135338392e+09}