{"epoch":5,"val_loss":0.1327376218956972,"_wandb":{"runtime":9},"_runtime":9,"val_accuracy":0.9636666666666667,"_timestamp":1.772881781219814e+09,"_step":4}