{"val_accuracy":0.9601666666666666,"_timestamp":1.7728815771171358e+09,"_step":4,"_wandb":{"runtime":23},"_runtime":23,"epoch":5,"val_loss":0.12892646649089345}