{"_wandb":{"runtime":57},"_timestamp":1.772879025946098e+09,"_step":4,"epoch":5,"val_loss":0.7074628833274672,"val_accuracy":0.8365,"_runtime":57}