{"_wandb":{"runtime":17},"_step":4,"epoch":5,"val_loss":0.27778439050052417,"val_accuracy":0.9205,"_timestamp":1.7728808955427127e+09,"_runtime":17}