{"val_loss":0.27570530784720215,"val_accuracy":0.9201666666666667,"_timestamp":1.7728808432720535e+09,"_runtime":58,"_wandb":{"runtime":58},"_step":4,"epoch":5}