{"val_accuracy":0.9248333333333333,"_timestamp":1.7728799794505925e+09,"_step":4,"epoch":5,"val_loss":0.27806167230081785,"_wandb":{"runtime":8},"_runtime":8}