{"_wandb":{"runtime":65},"_runtime":65,"_step":9,"epoch":10,"val_loss":0.11605608054696885,"val_accuracy":0.967,"first_layer_grad_norm":0.22855148035509504,"_timestamp":1.7728942287671561e+09}