{"_timestamp":1.7728802502217264e+09,"_step":4,"epoch":5,"_wandb":{"runtime":14},"_runtime":14,"val_loss":0.11442080153866065,"val_accuracy":0.9683333333333334}