{"val_accuracy":0.9718333333333333,"first_layer_grad_norm":0.1662524780379742,"_wandb":{"runtime":61},"_runtime":61,"_timestamp":1.7728938175929732e+09,"_step":9,"epoch":10,"val_loss":0.09633905951595781}