{"_runtime":10,"epoch":5,"val_loss":0.3665656783018197,"val_accuracy":0.8981666666666667,"_timestamp":1.7728803995676813e+09,"_step":4,"_wandb":{"runtime":10}}