{"epoch":5,"val_loss":1.7176370112543036,"val_accuracy":0.6885,"_timestamp":1.772878808442863e+09,"_step":4,"_runtime":24,"_wandb":{"runtime":24}}