{"_runtime":21,"val_accuracy":0.9743333333333334,"_timestamp":1.7728817582723403e+09,"_step":4,"epoch":5,"val_loss":0.10610067413225795,"_wandb":{"runtime":21}}