{"val_loss":0.2751009980413256,"val_accuracy":0.9183333333333333,"_wandb":{"runtime":19},"_runtime":19,"_timestamp":1.7728793490838223e+09,"_step":4,"epoch":5}