{"val_loss":2.2871576701739706,"val_accuracy":0.11233333333333333,"_wandb":{"runtime":24},"_runtime":24,"_timestamp":1.7728788459589038e+09,"_step":4,"epoch":5}