{"_step":4,"epoch":5,"val_loss":0.797804543934895,"val_accuracy":0.82,"_timestamp":1.7728791491703324e+09,"_wandb":{"runtime":13},"_runtime":13}