{"epoch":5,"val_loss":2.1792275353540287,"val_accuracy":0.5166666666666667,"_wandb":{"runtime":10},"_runtime":10,"_timestamp":1.772880306311585e+09,"_step":4}