{"val_accuracy":0.9008333333333334,"_timestamp":1.7728796700611618e+09,"_step":4,"epoch":5,"val_loss":0.35579751427015327,"_wandb":{"runtime":15},"_runtime":15}