{"_step":4,"epoch":5,"val_loss":0.10295604148536376,"val_accuracy":0.9688333333333333,"_timestamp":1.7728816361779609e+09,"_wandb":{"runtime":15},"_runtime":15}