{"_step":4,"_runtime":16,"_wandb":{"runtime":16},"epoch":5,"val_loss":0.09683202240106213,"val_accuracy":0.97,"_timestamp":1.7728814462970212e+09}