{"_timestamp":1.7728815070054286e+09,"_step":4,"_wandb":{"runtime":12},"_runtime":12,"epoch":5,"val_loss":0.15034260564184726,"val_accuracy":0.9551666666666667}