{"val_loss":2.2952073921370646,"_wandb":{"runtime":58},"_runtime":58,"val_accuracy":0.11233333333333333,"_timestamp":1.772879610347481e+09,"_step":4,"epoch":5}