{"epoch":5,"val_loss":0.330331620613155,"val_accuracy":0.9068333333333334,"_timestamp":1.772879705948978e+09,"_wandb":{"runtime":23},"_runtime":23,"_step":4}