{"val_loss":1.6173487457645452,"val_accuracy":0.6628333333333334,"_wandb":{"runtime":9},"_runtime":9,"_timestamp":1.7728787353453662e+09,"_step":4,"epoch":5}