{"epoch":10,"layer_3_zero_fraction":0.7039031982421875,"iteration":50,"grad_neuron_5":0,"first_layer_grad_norm":0.9867371041355462,"grad_neuron_1":-0.0027524674987876576,"layer_2_mean_activation":0.922554910578523,"layer_2_zero_fraction":0.7462158203125,"val_loss":0.35109233448605587,"grad_neuron_2":0.0008043956337972939,"grad_neuron_4":-0.011578175674951013,"_runtime":47,"val_accuracy":0.8811666666666667,"layer_1_mean_activation":1.0155630355350391,"grad_neuron_3":-0.006009725526565677,"_timestamp":1.7729074849982023e+09,"_step":59,"layer_2_std_activation":3.1950968776930413,"_wandb":{"runtime":47},"layer_3_mean_activation":0.637766313873743,"layer_1_std_activation":4.096645049193764,"layer_3_std_activation":1.5485358236540492,"layer_1_zero_fraction":0.683074951171875}