{"_step":4,"epoch":5,"val_loss":0.12188720119627014,"val_accuracy":0.9643333333333334,"_timestamp":1.7728801696878304e+09,"_wandb":{"runtime":15},"_runtime":15}