{"epoch":5,"val_loss":0.299455466643205,"_wandb":{"runtime":19},"_runtime":19,"val_accuracy":0.9151666666666667,"_timestamp":1.7728800890808797e+09,"_step":4}