{"_runtime":15,"epoch":5,"val_loss":1.4313568584637635,"val_accuracy":0.6778333333333333,"_timestamp":1.7728798390327983e+09,"_step":4,"_wandb":{"runtime":15}}