{"_runtime":24,"val_accuracy":0.971,"_timestamp":1.7728812098069413e+09,"_step":4,"epoch":5,"val_loss":0.1010093784253289,"_wandb":{"runtime":24}}