{"_wandb":{"runtime":15},"_runtime":15,"epoch":5,"val_loss":0.11717904477806977,"val_accuracy":0.9643333333333334,"_timestamp":1.7728813613467772e+09,"_step":4}