{"_runtime":16,"epoch":5,"val_loss":0.1742044058745962,"val_accuracy":0.9491666666666667,"_timestamp":1.7728812621756725e+09,"_step":4,"_wandb":{"runtime":16}}