{"val_loss":2.2874273490378303,"val_accuracy":0.1125,"_timestamp":1.7728785741806912e+09,"_step":4,"epoch":5,"_wandb":{"runtime":25},"_runtime":25}