{"_runtime":26,"epoch":5,"val_loss":2.299895400587725,"val_accuracy":0.11233333333333333,"_timestamp":1.77287892246763e+09,"_step":4,"_wandb":{"runtime":26}}