{"epoch":5,"val_loss":0.10907044342393564,"val_accuracy":0.9668333333333333,"_wandb":{"runtime":17},"_runtime":17,"_timestamp":1.772881607387182e+09,"_step":4}