{"_timestamp":1.772879476019129e+09,"_wandb":{"runtime":34},"_runtime":34,"_step":4,"epoch":5,"val_loss":2.1502292901449156,"val_accuracy":0.4811666666666667}