{"epoch":5,"val_loss":2.2821993147896493,"val_accuracy":0.11233333333333333,"_wandb":{"runtime":18},"_runtime":18,"_timestamp":1.772879229226746e+09,"_step":4}