{"_runtime":9,"val_loss":0.10768837607235657,"val_accuracy":0.9671666666666666,"_timestamp":1.7728816950191698e+09,"_step":4,"epoch":5,"_wandb":{"runtime":9}}