{"val_loss":1.649966578755951,"val_accuracy":0.6811666666666667,"_timestamp":1.7728787714958227e+09,"_wandb":{"runtime":24},"_runtime":24,"_step":4,"epoch":5}