{"_timestamp":1.772891670289254e+09,"_step":9,"_wandb":{"runtime":65},"_runtime":65,"epoch":10,"val_loss":0.47628937974241414,"val_accuracy":0.8733333333333333}