{"layer_3_std_activation":0.9969435713092627,"_step":9,"val_loss":13.886228442082007,"_timestamp":1.772895371629322e+09,"_runtime":57,"layer_2_std_activation":0.9999999492211604,"layer_1_zero_fraction":0,"layer_2_zero_fraction":0,"layer_2_mean_activation":1.6867172540177187e-08,"epoch":10,"layer_3_zero_fraction":0,"_wandb":{"runtime":57},"layer_1_mean_activation":0.011040467981174053,"layer_3_mean_activation":-0.07812499999994607,"first_layer_grad_norm":9.16839123942384e-17,"val_accuracy":0.0975,"layer_1_std_activation":0.9949506671636821}