{"_wandb":{"runtime":25},"_runtime":25,"epoch":5,"val_loss":0.20583502387537583,"val_accuracy":0.9441666666666667,"_timestamp":1.7728819411239982e+09,"_step":4}