{"val_loss":0.1585117787618788,"val_accuracy":0.9696666666666667,"first_layer_grad_norm":0.5879688369161477,"_timestamp":1.7728943506868792e+09,"_step":9,"epoch":10,"_wandb":{"runtime":78},"_runtime":78}