{"_step":4,"epoch":5,"val_loss":0.19934500267733082,"_wandb":{"runtime":9},"_runtime":9,"val_accuracy":0.9413333333333334,"_timestamp":1.77288123284718e+09}