{"_wandb":{"runtime":8},"val_accuracy":0.917,"_timestamp":1.7728792498876665e+09,"_step":4,"epoch":5,"val_loss":0.2954175244852989,"_runtime":8}