{"_wandb":{"runtime":19},"_runtime":19,"val_loss":1.4107981545195083,"val_accuracy":0.6506666666666666,"_timestamp":1.772880610128315e+09,"_step":4,"epoch":5}