{"epoch":5,"val_loss":0.16446459989608259,"val_accuracy":0.958,"_timestamp":1.7728819035398428e+09,"_wandb":{"runtime":16},"_runtime":16,"_step":4}