{"_timestamp":1.7728810456983378e+09,"_wandb":{"runtime":10},"_runtime":10,"_step":4,"epoch":5,"val_loss":0.12285303694621137,"val_accuracy":0.9653333333333334}