{"val_loss":0.10965773761900202,"val_accuracy":0.9651666666666666,"_timestamp":1.7728813939876611e+09,"_wandb":{"runtime":20},"_runtime":20,"_step":4,"epoch":5}