{"_runtime":23,"_step":4,"epoch":5,"val_loss":0.3182016413438778,"val_accuracy":0.9093333333333333,"_timestamp":1.772880554982062e+09,"_wandb":{"runtime":23}}