{"_timestamp":1.7728793720028884e+09,"_step":4,"epoch":5,"val_loss":0.28198143181440727,"val_accuracy":0.9208333333333333,"_wandb":{"runtime":9},"_runtime":9}