{"val_loss":0.7897993944147865,"_wandb":{"runtime":11},"_runtime":11,"val_accuracy":0.8201666666666667,"_timestamp":1.7728791245126085e+09,"_step":4,"epoch":5}