{"_step":9,"_wandb":{"runtime":119},"_runtime":119,"epoch":10,"val_loss":0.12887843352971262,"val_accuracy":0.9743333333333334,"_timestamp":1.7728922366146877e+09}