{"val_accuracy":0.9188333333333333,"_timestamp":1.7728808651572077e+09,"_step":4,"epoch":5,"val_loss":0.2814413914666902,"_wandb":{"runtime":9},"_runtime":9}