{"_step":4,"epoch":5,"val_loss":0.2870622698835003,"_wandb":{"runtime":8},"_runtime":8,"val_accuracy":0.919,"_timestamp":1.7728800576645691e+09}