{"val_accuracy":0.9073333333333333,"_timestamp":1.7728797599218504e+09,"_step":4,"epoch":5,"val_loss":0.3384285714043199,"_wandb":{"runtime":20},"_runtime":20}