{"_wandb":{"runtime":54},"_runtime":54,"_step":4,"epoch":5,"val_loss":0.29918628818549775,"val_accuracy":0.9143333333333333,"_timestamp":1.7728793171319501e+09}