{"val_loss":0.32164852807448124,"val_accuracy":0.9091666666666667,"_runtime":16,"_wandb":{"runtime":16},"_timestamp":1.7728797884306054e+09,"_step":4,"epoch":5}