{"_runtime":78,"layer_3_zero_fraction":0.4730377197265625,"layer_2_zero_fraction":0.5717315673828125,"first_layer_grad_norm":0.5525918715890481,"_timestamp":1.7729028717847784e+09,"_wandb":{"runtime":78},"layer_1_zero_fraction":0.5830078125,"layer_3_std_activation":1.8441352228766423,"_step":9,"layer_1_std_activation":0.835087132451396,"val_loss":0.18315002002551253,"val_accuracy":0.971,"epoch":10,"layer_2_mean_activation":0.5489412981693569,"layer_3_mean_activation":1.2401559265311417,"layer_2_std_activation":0.9521098563383437,"layer_1_mean_activation":0.47086270283984155}