{"_wandb":{"runtime":19},"_runtime":19,"_step":4,"epoch":5,"val_loss":0.3530268359756992,"val_accuracy":0.9021666666666667,"_timestamp":1.7728804313909478e+09}