{"val_accuracy":0.20466666666666666,"_timestamp":1.7728806442583885e+09,"_step":4,"epoch":5,"val_loss":2.2875783543340726,"_wandb":{"runtime":22},"_runtime":22}