{"_step":4,"epoch":5,"val_loss":0.18986723134189182,"_wandb":{"runtime":19},"_runtime":19,"val_accuracy":0.9426666666666667,"_timestamp":1.7728812992468932e+09}