{"_step":4,"epoch":5,"val_loss":2.3025234186846992,"val_accuracy":0.09866666666666667,"_wandb":{"runtime":12},"_runtime":12,"_timestamp":1.772878166389419e+09}