{"epoch":5,"val_loss":0.10857775767941977,"val_accuracy":0.969,"_timestamp":1.772881672989288e+09,"_step":4,"_wandb":{"runtime":24},"_runtime":24}