{"val_accuracy":0.914,"_timestamp":1.7728798957134228e+09,"_wandb":{"runtime":12},"_runtime":12,"_step":4,"epoch":5,"val_loss":0.3010843860302628}