{"val_loss":2.2833314528400135,"val_accuracy":0.10216666666666667,"_wandb":{"runtime":18},"_runtime":18,"_timestamp":1.7728798711466525e+09,"_step":4,"epoch":5}