{"_step":4,"epoch":5,"_wandb":{"runtime":11},"_runtime":11,"val_loss":0.3546213576041324,"val_accuracy":0.8983333333333333,"_timestamp":1.772880489341621e+09}