{"_step":4,"_wandb":{"runtime":20},"_runtime":20,"epoch":5,"val_loss":2.1250167203180625,"val_accuracy":0.44066666666666665,"_timestamp":1.7728803405984685e+09}