{"_step":4,"epoch":5,"val_loss":0.12068383580427224,"_wandb":{"runtime":11},"_runtime":11,"val_accuracy":0.9648333333333333,"_timestamp":1.772880223899349e+09}