{"layer_3_zero_fraction":0.9930267333984375,"val_loss":1.72812225514651,"layer_1_zero_fraction":0.995697021484375,"layer_2_std_activation":2.395433592613453,"_timestamp":1.7728952704479454e+09,"epoch":10,"layer_2_mean_activation":0.09689625344772135,"val_accuracy":0.37733333333333335,"layer_2_zero_fraction":0.992828369140625,"_step":9,"_wandb":{"runtime":55},"layer_3_mean_activation":0.017065650245474257,"layer_1_std_activation":4.8976256826336755,"layer_1_mean_activation":0.25717696703745646,"first_layer_grad_norm":0.07964443842366159,"layer_3_std_activation":0.33132499274378596,"_runtime":55}