{"_runtime":25,"val_accuracy":0.8855,"_timestamp":1.7728810221070213e+09,"_step":4,"epoch":5,"val_loss":0.39497346901055214,"_wandb":{"runtime":25}}