{"_wandb":{"runtime":22},"_runtime":22,"_step":4,"epoch":5,"val_loss":0.27647040303203074,"val_accuracy":0.9203333333333333,"_timestamp":1.772879958720421e+09}