{"_wandb":{"runtime":10},"_runtime":10,"val_accuracy":0.6156666666666667,"_timestamp":1.7728791720295727e+09,"_step":4,"epoch":5,"val_loss":1.583346499872328}