{"val_loss":0.2344084378866373,"val_accuracy":0.9525,"_timestamp":1.772882066073588e+09,"_step":4,"_runtime":55,"_wandb":{"runtime":55},"epoch":5}