{"_timestamp":1.7728713237254457e+09,"_step":4,"_wandb":{"runtime":32},"_runtime":32,"epoch":5,"val_loss":0.10223571939017678,"val_accuracy":0.9715}