{"_runtime":117,"val_accuracy":0.9496666666666667,"_timestamp":1.7728920611838338e+09,"_step":9,"epoch":10,"val_loss":0.17969202610158053,"_wandb":{"runtime":117}}