{"_step":4,"epoch":5,"val_loss":1.692464092008458,"val_accuracy":0.6288333333333334,"_timestamp":1.7728798100198066e+09,"_wandb":{"runtime":9},"_runtime":9}