{"_runtime":16,"val_loss":0.1036657401827287,"val_accuracy":0.971,"_timestamp":1.7728811729868066e+09,"_step":4,"epoch":5,"_wandb":{"runtime":16}}