{"val_loss":0.19090791599489398,"layer_1_mean_activation":0.4731135701948027,"_step":9,"layer_2_zero_fraction":0.5478668212890625,"layer_2_std_activation":1.017440691448804,"layer_1_std_activation":0.8549132616247479,"_timestamp":1.7729056813934069e+09,"epoch":10,"layer_1_zero_fraction":0.5860443115234375,"val_accuracy":0.969,"layer_3_mean_activation":1.2635535893263732,"first_layer_grad_norm":0.5628635918763256,"layer_3_zero_fraction":0.49169921875,"layer_3_std_activation":1.9465414561384191,"layer_2_mean_activation":0.6025773917908764,"_runtime":103,"_wandb":{"runtime":103}}