{"val_loss":0.08911150863954147,"val_accuracy":0.9751666666666666,"_timestamp":1.772870567079943e+09,"_step":4,"_wandb":{"runtime":30},"_runtime":30,"epoch":5}