{"_timestamp":1.7728802839354746e+09,"_runtime":21,"_wandb":{"runtime":21},"_step":4,"epoch":5,"val_loss":0.10024559474428865,"val_accuracy":0.971}