{"_wandb":{"runtime":9},"_runtime":9,"_timestamp":1.7728786263983562e+09,"_step":4,"epoch":5,"val_loss":1.238100826511657,"val_accuracy":0.7485}