{"_step":4,"_wandb":{"runtime":20},"_runtime":20,"epoch":5,"val_loss":0.24617817767355224,"val_accuracy":0.9315,"_timestamp":1.7728809284249954e+09}