{"val_loss":0.3947208113535724,"val_accuracy":0.8878333333333334,"_runtime":18,"_wandb":{"runtime":18},"_timestamp":1.7728801194885826e+09,"_step":4,"epoch":5}