{"_timestamp":1.7728818140271196e+09,"_step":4,"epoch":5,"val_loss":0.1406291149570006,"_wandb":{"runtime":19},"_runtime":19,"val_accuracy":0.9693333333333334}