{"_step":4,"epoch":5,"val_loss":0.6542958648002374,"val_accuracy":0.8435,"_wandb":{"runtime":25},"_runtime":25,"_timestamp":1.7728790659334602e+09}