{"grad_neuron_2":0.0009250702745736528,"layer_1_mean_activation":0.4721650630185268,"grad_neuron_3":-0.017495825730893474,"layer_2_zero_fraction":0.5764312744140625,"_runtime":49,"layer_3_mean_activation":1.2554160475341951,"_wandb":{"runtime":49},"_timestamp":1.772906629154146e+09,"epoch":10,"layer_3_zero_fraction":0.4657440185546875,"val_accuracy":0.9743333333333334,"iteration":50,"layer_1_std_activation":0.8618405165209985,"layer_3_std_activation":1.8395730912829045,"layer_1_zero_fraction":0.592498779296875,"grad_neuron_5":0.00593144404623631,"val_loss":0.15460371634070988,"first_layer_grad_norm":0.5968996077415037,"_step":59,"layer_2_mean_activation":0.5730128668617345,"grad_neuron_1":0.031435406036855795,"grad_neuron_4":-0.006486110789137641,"layer_2_std_activation":0.999350998139888}