{"epoch":5,"_wandb":{"runtime":18},"_runtime":18,"val_loss":0.29571261470080473,"val_accuracy":0.916,"_timestamp":1.7728809842255669e+09,"_step":4}