{"layer_3_zero_fraction":0.48291015625,"layer_2_std_activation":1.0142468892239926,"_wandb":{"runtime":53},"layer_1_std_activation":0.8811055990892446,"layer_1_mean_activation":0.49073865381321957,"layer_2_mean_activation":0.5750804501369153,"_runtime":53,"layer_1_zero_fraction":0.580535888671875,"first_layer_grad_norm":0.5817961019024068,"val_loss":0.13540225661865565,"layer_3_mean_activation":1.2203652870665866,"_step":9,"layer_3_std_activation":1.8282635881330593,"epoch":10,"layer_2_zero_fraction":0.57568359375,"val_accuracy":0.9775,"_timestamp":1.7728960550385191e+09}