{"_wandb":{"runtime":17},"_runtime":17,"_step":4,"epoch":5,"val_loss":0.08467960629366066,"val_accuracy":0.9765,"_timestamp":1.7728817242407978e+09}