{"_runtime":63,"layer_3_zero_fraction":0.3955230712890625,"layer_2_zero_fraction":0.33709716796875,"_timestamp":1.7729076814704316e+09,"val_loss":0.36877362996342467,"layer_1_mean_activation":0.5945372169719569,"grad_neuron_3":-0.0016993895152543166,"val_accuracy":0.8736666666666667,"grad_neuron_1":-0.004299381012562553,"iteration":50,"layer_2_mean_activation":0.7876423413139423,"layer_3_mean_activation":0.9526495961707018,"grad_neuron_4":-0.000979674887399556,"layer_1_zero_fraction":0.3296051025390625,"first_layer_grad_norm":2.065775817318705,"layer_2_std_activation":1.0018553416578444,"grad_neuron_2":0.0007806069020464375,"epoch":10,"layer_3_std_activation":1.2486695777892798,"_step":59,"_wandb":{"runtime":63},"grad_neuron_5":-0.006429145029323698,"layer_1_std_activation":0.7575415316552045}