{"_timestamp":1.772878713475707e+09,"_wandb":{"runtime":43},"_runtime":43,"_step":4,"epoch":5,"val_loss":1.036046449435531,"val_accuracy":0.7818333333333334}