{"_runtime":18,"epoch":5,"val_loss":2.300492272607517,"val_accuracy":0.11233333333333333,"_timestamp":1.7728786045538514e+09,"_step":4,"_wandb":{"runtime":18}}